G,GS,Position,MP,FG,FGA,FG%,3P,3PA,3P%,2P,2PA,2P%,FT,FTA,FT%,ORB,DRB,TRB,AST,STL,BLK,TOV,PF,PTS
23,5,2,202,5,13.2,0.378,1.2,4.5,0.28,3.7,8.7,0.429,1.8,2.5,0.714,1.1,2.7,3.7,1.8,1.2,0.5,2.5,4.3,13
28,0,5,203,4.3,14.7,0.289,0,0.2,0,4.3,14.5,0.293,3,3.2,0.944,3.4,3.9,7.3,0.9,1.1,0.7,2,3.7,11.5
32,1,2,214,3.7,11.8,0.314,0.8,2.5,0.333,2.9,9.3,0.309,3.4,5.6,0.606,0.2,3.4,3.5,1.2,0.7,0.5,2.5,4.5,11.6
26,0,4,220,4.1,9.2,0.446,0,0,0,4.1,9.2,0.446,2.8,3.6,0.773,2.1,4.1,6.2,1,0.2,0.2,2.5,8,11
31,0,1,220,5.4,15.4,0.351,2.1,6.1,0.351,3.3,9.3,0.351,2.5,3.4,0.714,0.3,1.6,2,7,0.5,0,2,3.6,15.4
17,0,4,222,7.1,13.5,0.53,0,0,0,7.1,13.5,0.53,5.7,7.1,0.795,3.4,6.8,10.2,0.8,0.5,1.8,2.9,5.7,19.9
20,1,1,227,7,16.5,0.423,3.3,8.7,0.382,3.6,7.8,0.469,0.3,0.5,0.667,0.3,3,3.3,1.6,1.9,0,2.1,4.3,17.6
33,0,4,231,4.2,10.9,0.386,0,0.9,0,4.2,10,0.422,3,4.1,0.731,3.1,5.8,8.9,3.3,1.6,0.2,2.5,8.3,11.4
31,0,4,231,2.5,8.7,0.286,1.2,5.1,0.242,1.2,3.6,0.348,0.9,2,0.462,2.5,5.9,8.4,1.2,0.8,0.5,1.4,5.5,7.2
24,0,5,234,2.9,7.1,0.413,0,0,0,2.9,7.1,0.413,0.3,0.5,0.667,2.2,5.2,7.4,0.8,1.2,2,2.6,7.4,6.2
21,0,2,241,2.4,8.1,0.296,0,0.3,0,2.4,7.8,0.308,2.8,3.3,0.864,1.3,4.9,6.3,2.5,1.9,0.1,2.4,4.2,7.6
24,0,5,244,3.4,8.9,0.383,0,0,0,3.4,8.9,0.383,3.5,5.2,0.686,1.8,4,5.8,2.1,0.3,0.9,3.4,5.8,10.3
27,2,5,244,2.2,6.3,0.349,0,0,0,2.2,6.3,0.349,0.4,1.5,0.3,3.1,7.4,10.5,1.9,0.7,0.9,2.1,6.6,4.9
29,0,3,246,5.6,12.6,0.442,3.1,6.9,0.447,2.5,5.7,0.436,1.6,1.8,0.917,0.4,2.9,3.4,2.3,0.7,0.3,1.3,3.2,15.8
28,0,5,248,3.9,9.4,0.415,0,0,0,3.9,9.4,0.415,2.6,4.2,0.621,3.2,6.4,9.6,1.5,0.9,0.3,2.5,5.7,10.5
41,0,2,254,3.3,8.8,0.371,0.3,1.6,0.182,3,7.2,0.412,2.1,3.5,0.6,1.7,4.5,6.2,3.1,2.4,0.6,4,5.4,8.9
17,0,2,256,5.2,11.4,0.457,0.7,2.8,0.25,4.5,8.6,0.525,2.7,3.2,0.826,1.5,3,4.5,3,1,0,3.1,4.6,13.8
23,7,5,258,2.8,7,0.4,0,0,0,2.8,7,0.4,2,3.3,0.583,3.3,5.6,8.9,0.3,1,1.5,2.9,4.7,7.5
38,0,4,271,5.6,9.8,0.568,0,0.1,0,5.6,9.7,0.575,1.2,2,0.6,3.5,6.4,9.8,0.3,0.8,0.5,3.9,3.5,12.4
30,0,4,271,0.7,2.4,0.278,0,0,0,0.7,2.4,0.278,0.9,2.5,0.368,4.6,3.6,8.2,0.8,0.8,1.1,1.6,5.7,2.3
31,0,2,272,3,9.5,0.319,0.7,3.8,0.172,2.4,5.7,0.419,4.5,5.6,0.81,0.7,2.3,2.9,3.7,0.9,0.1,3.8,4.4,11.3
41,11,5,273,4.4,10.4,0.418,0,0,0,4.4,10.4,0.418,1.3,2.4,0.556,2.8,5.9,8.7,0.4,0.8,2,3,9.6,10
33,0,4,277,2.9,9.1,0.314,1.4,4.2,0.344,1.4,4.9,0.289,2.1,2.3,0.889,1.6,3.9,5.5,1.8,0.9,0,1.8,4.8,9.2
31,0,2,278,2.5,8,0.306,0,0.3,0,2.5,7.8,0.317,3,3.5,0.852,1.3,4.9,6.2,2.5,2.2,0.3,2.1,4.1,7.9
26,0,1,288,4.2,10,0.425,2.3,6.2,0.36,2,3.7,0.533,1.5,1.9,0.8,0.4,1.9,2.3,4.4,0.5,0,1.6,3.4,12.2
30,0,4,289,5.1,9.7,0.526,0,0,0,5.1,9.7,0.526,2.7,3.7,0.733,2.1,6.5,8.6,2.2,0.6,1.5,3,5.4,13
30,0,5,309,3.4,9.3,0.363,0,0,0,3.4,9.3,0.363,3.6,5.5,0.66,1.7,4.4,6.2,2.1,0.7,0.9,3.3,5.9,10.4
26,2,2,309,4.3,11.8,0.366,1.4,5.1,0.273,2.9,6.6,0.439,3.1,3.6,0.871,0.6,1.9,2.4,7.1,1.5,0.1,3.6,2.6,13.2
28,1,4,313,4.8,9.8,0.494,2.1,5.1,0.409,2.8,4.7,0.585,2.9,3.1,0.926,1.5,5.3,6.8,3.6,2.5,0.1,2.6,4.8,14.6
41,3,4,318,4.5,12.1,0.374,0,0,0,4.5,12.1,0.374,2.9,3.4,0.867,1.7,3.5,5.2,1.9,0.6,0.3,2.5,5,12
26,1,5,333,5.8,9.5,0.614,0,0.1,0,5.8,9.4,0.621,2.5,6.8,0.365,5.5,6.9,12.4,0.2,0.5,1.7,1.6,5.5,14.2
44,5,3,336,4.6,10,0.462,0.1,1,0.111,4.5,9,0.5,2.5,4.4,0.561,2.4,3.7,6.1,1.7,1.2,0.1,1.9,6.3,11.8
22,7,1,339,3.4,8.8,0.386,0.7,2.3,0.318,2.7,6.5,0.41,2.3,2.7,0.88,0.1,2.2,2.3,4.8,0.7,0.2,2.4,3.2,9.9
30,0,1,345,3.7,9,0.407,2.1,5.2,0.4,1.6,3.8,0.417,0.4,0.6,0.667,1.1,3,4.2,3.2,1.3,0,1.4,2.1,9.8
27,9,4,352,4,10.4,0.382,0.2,2.4,0.087,3.8,8.1,0.468,2,2.7,0.769,2.6,4.6,7.2,0.8,0.7,1.1,1.3,5.8,10.2
35,5,2,352,2.3,7.7,0.293,0.9,3.9,0.237,1.3,3.8,0.351,2,2.9,0.714,0.3,3.3,3.6,3.8,1.2,0.4,1.7,3.3,7.5
37,0,4,353,4.4,9.5,0.462,0,0,0,4.4,9.5,0.462,3.1,4.3,0.714,2.4,6.5,9,2.1,0.5,1.2,3,6.2,11.8
42,0,1,359,4.8,12.6,0.381,1.2,5,0.24,3.6,7.6,0.474,1.1,1.5,0.733,1.1,2.6,3.7,1.5,1.5,0.4,1.5,2.1,11.9
40,2,2,361,3.2,8.9,0.36,0.4,1.8,0.222,2.8,7.1,0.394,3.1,4.5,0.689,0.8,2.1,2.9,1.3,1.2,0.5,1.9,2.2,9.9
47,1,2,369,5.5,13.7,0.4,0.3,1.7,0.176,5.2,12,0.431,1.1,2,0.524,1.4,3.8,5.2,4.4,1.7,0.3,2.4,3.3,12.3
37,13,2,373,3.9,11.2,0.345,0.7,3.1,0.219,3.2,8.1,0.393,1.4,2.2,0.609,1.1,2.3,3.4,2.4,1.1,0.4,2.7,5.8,9.7
38,7,4,374,2.8,5.1,0.547,0,0.1,0,2.8,5,0.558,1.7,2.1,0.818,2.6,5.6,8.2,0.7,0.7,1.3,1.7,5.4,7.3
53,0,4,376,2.9,7.9,0.366,0.3,1.3,0.214,2.6,6.5,0.397,2.1,2.8,0.759,3.4,6.7,10.1,1.6,1.4,1.6,1.6,4.3,8.1
26,2,1,379,3.9,10,0.39,0.9,2.2,0.391,3,7.8,0.39,4.5,5,0.887,0.3,1.7,2,4.3,1.6,0.3,2.2,2,13.1
44,1,5,380,2.9,6.3,0.47,0.1,0.2,0.5,2.8,6.1,0.469,0.6,0.9,0.6,2.6,5.1,7.7,1.7,0.4,2.7,0.9,6.7,6.5
47,0,1,383,5.8,14.7,0.397,1.4,5.5,0.254,4.4,9.1,0.485,1.4,1.8,0.789,0.8,2.5,3.4,3.1,1.6,0,1.4,3.6,14.5
48,0,5,385,5.4,12.5,0.433,0,0,0,5.4,12.5,0.433,3.5,6.2,0.561,4.2,7,11.2,2.6,0.8,1,3.9,7.4,14.3
36,7,5,390,2.7,6.6,0.403,0,0,0,2.7,6.6,0.403,2.4,3.6,0.667,3.9,5.7,9.6,0.5,0.7,1.1,2.2,4.7,7.8
47,2,4,405,4.4,6.8,0.645,0.3,0.6,0.429,4.1,6.1,0.667,3.3,4.2,0.787,1.9,4.7,6.6,1.4,1.1,1.6,2.8,5.8,12.3
42,1,1,408,4.2,11.6,0.366,1.8,5,0.351,2.5,6.5,0.378,2.2,3.3,0.676,0.5,2.1,2.6,5.7,1.3,0,1.9,2.8,12.4
38,5,4,418,3.7,5.8,0.642,0,0,0,3.7,5.8,0.642,2.8,4,0.702,4.1,5.1,9.2,0.9,0.8,1,1,5.3,10.2
39,7,3,419,4.3,13.2,0.325,1.6,7.6,0.216,2.7,5.7,0.47,1.4,1.8,0.762,0.9,4,4.9,1.5,1.4,1,2.3,3.4,11.6
13,13,3,425,7,16.6,0.423,2.9,7.1,0.405,4.2,9.5,0.438,2.6,3.2,0.816,0.9,3.6,4.6,0.9,0.7,0.3,1.6,2.5,19.6
41,0,2,432,5.1,11.7,0.433,1.5,4.3,0.346,3.6,7.4,0.483,2.3,2.7,0.844,0.2,2.1,2.3,4.4,1.4,0.1,1.5,2.7,13.9
50,3,1,444,4.4,12.2,0.358,1.3,4.9,0.262,3.1,7.3,0.422,3.4,4.3,0.792,0.6,2.9,3.5,5.7,1.1,0.1,2.2,4.5,13.5
24,3,2,449,3.4,9,0.384,0.6,2.2,0.259,2.9,6.8,0.424,1.8,2.1,0.846,0.6,2.1,2.6,4.2,1.4,0.3,1.4,3.3,9.2
49,0,1,450,2.6,7.8,0.327,0.5,2.2,0.214,2.1,5.6,0.371,1.9,3,0.649,0.6,2.6,3.2,6.6,1.8,0.6,2.5,4.1,7.5
41,0,4,460,2.7,4,0.667,0,0,0,2.7,4,0.667,1,1.7,0.591,3.7,4.6,8.3,1.3,1.3,0.5,1.6,4.5,6.3
46,6,5,464,2.6,5.7,0.446,0,0,0,2.6,5.7,0.446,1.3,2,0.654,4.6,6.1,10.6,0.9,0.8,2.6,1.2,4.6,6.4
56,0,5,473,1.8,3.3,0.535,0,0,0,1.8,3.3,0.535,1.1,2.2,0.517,2.7,4,6.6,0.8,0.8,0.8,1.6,7.6,4.6
48,6,5,475,3.6,6.4,0.565,0,0,0,3.6,6.4,0.565,0.8,1.9,0.44,3.9,5.7,9.5,1.4,0.8,3.8,1.7,4.6,8.1
62,0,2,492,4.3,13.1,0.33,2.4,7.5,0.324,1.9,5.6,0.338,1,1.2,0.875,0.5,2.8,3.3,2.6,1,0.4,1.4,4.8,12.1
61,8,2,495,5.5,9.8,0.556,0,0.1,0,5.5,9.7,0.56,1.7,2.6,0.667,2.5,3.1,5.6,0.9,1.2,0.3,1.6,3.4,12.7
45,1,1,503,6,14,0.429,0.4,2.1,0.172,5.7,12,0.473,3.4,4.3,0.8,0.7,2,2.7,4.3,1.6,0.2,2.9,5,15.8
43,4,4,534,3.7,8.9,0.417,0,0,0,3.7,8.9,0.417,1.1,2.2,0.485,3,4.2,7.2,0.8,0.5,1.6,1.5,5.1,8.5
47,4,1,534,4.4,9.5,0.468,0.3,1,0.333,4.1,8.5,0.484,2.2,2.8,0.786,1,2.6,3.6,5.3,1,0.3,2.1,3.6,11.5
42,2,4,538,5.6,12.2,0.454,0,0,0,5.6,12.2,0.454,5.2,6.4,0.802,3.6,5.8,9.4,1.3,0.3,1,3.3,5.8,16.3
53,18,1,539,4.3,9.6,0.448,0.3,1.1,0.313,3.9,8.5,0.465,1.6,2.3,0.686,1,2.4,3.4,3,1.6,0.3,2.1,4.1,10.5
29,8,1,543,3.8,9.1,0.416,0.5,1.7,0.269,3.3,7.4,0.45,2.1,3,0.674,0.8,3.7,4.5,5.9,1.4,0.3,3.4,5.2,10.1
18,18,4,544,5.9,15.2,0.387,0.1,0.3,0.4,5.8,14.9,0.387,1.2,1.9,0.643,2.4,7.4,9.9,4,1.2,1,2.2,2.4,13.1
34,6,1,554,4.8,12.7,0.379,1.8,5.2,0.35,3,7.5,0.4,1.7,2.1,0.813,0.5,2.6,3.1,4.7,0.9,0.1,2.6,1.5,13.1
37,0,2,554,4,11.5,0.35,1.3,4.9,0.267,2.7,6.6,0.412,2.6,3.8,0.69,0.9,2.1,3.1,2.5,1.7,0.5,2.6,4.6,12
46,3,2,556,4.9,10.4,0.469,1.2,3.4,0.365,3.6,7,0.519,0.7,1.3,0.55,2.1,3.2,5.4,1.4,0.4,0.5,1.6,4.5,11.7
29,14,2,561,3.7,9.7,0.377,1.4,4.7,0.297,2.2,4.9,0.455,1.6,2.2,0.735,0.9,3,3.9,2.1,1.4,0.1,1.5,3.5,10.3
40,0,1,562,3.8,9.4,0.411,0.7,1.9,0.379,3.1,7.5,0.419,1.3,1.9,0.724,0.8,2.2,3.1,5,1,0.1,2,4.4,9.7
58,1,1,563,4.3,11,0.39,1.3,4.2,0.323,2.9,6.8,0.43,2.4,3.5,0.673,1,3.6,4.5,3.1,1.8,0.3,2.1,4.1,12.3
39,1,3,563,4.2,9.3,0.452,0.7,2.8,0.25,3.5,6.5,0.539,3.1,4.8,0.653,1.1,4.2,5.3,2.5,0.7,0.8,1.7,3.3,12.3
33,2,1,583,2.8,8,0.349,1.2,4.2,0.279,1.6,3.8,0.426,0.7,1.2,0.55,0.4,2.3,2.8,5.2,0.6,0.2,1.7,3,7.4
54,1,3,585,3.8,7.9,0.473,0,0.4,0,3.8,7.6,0.496,0.9,1.2,0.789,2.5,4.2,6.7,3.6,2,0.2,2.3,4.8,8.4
28,1,3,590,5.2,12.6,0.411,0.1,0.4,0.143,5.1,12.2,0.42,2.8,5,0.561,1.6,5.7,7.3,1.9,1.5,0.8,3.5,3.8,13.2
42,0,1,622,4.6,11.3,0.41,2.2,5.7,0.388,2.4,5.6,0.433,3.1,3.5,0.9,0.6,2.4,3,2.1,0.7,0,1.2,3,14.6
56,5,5,634,3.9,7.1,0.544,0,0,0,3.9,7.1,0.544,2.3,3.8,0.597,3.3,5.2,8.5,0.6,0.7,1.5,2,4.5,10
60,1,4,638,6,14.6,0.415,0,0.1,0,6,14.5,0.416,1.6,1.9,0.824,2.4,4.3,6.7,0.9,1,0.9,1.2,4.8,13.7
15,15,1,640,8.5,20.6,0.413,0.7,3,0.226,7.8,17.6,0.444,8.7,9.8,0.885,0.4,1.9,2.3,6.1,1.9,0.1,3.7,1.2,26.3
56,0,4,653,5.8,13.1,0.447,2,5.2,0.383,3.9,7.9,0.49,1.5,2.1,0.711,3.5,5.1,8.6,1.2,0.9,0.6,1.4,3.7,15.2
37,1,2,664,4.9,12,0.412,1.7,4.7,0.372,3.2,7.3,0.437,3.2,3.5,0.922,0.5,2.1,2.6,6,0.7,0,3.2,2.9,14.8
58,8,4,666,3.5,6.9,0.508,0,0.1,0,3.5,6.9,0.512,3.2,4.1,0.787,2.6,4.7,7.4,0.6,0.6,2.3,1.4,6.7,10.2
26,17,4,667,4.4,9.7,0.45,1.2,3.2,0.373,3.2,6.5,0.488,2.5,3.6,0.712,2,6.5,8.5,3.2,1.1,0.9,1.6,3.4,12.5
41,9,2,669,5.3,11.8,0.445,1.8,4.3,0.43,3.4,7.6,0.454,3.3,4.2,0.782,1.4,3.7,5.1,1.5,1.2,0.5,2.1,2.6,15.7
61,0,4,669,5.3,9.2,0.579,0,0,0,5.3,9.2,0.579,3,5.5,0.544,3.4,6,9.5,0.5,0.6,1.1,1.8,5.1,13.7
60,2,4,670,4.7,9.9,0.47,0,0,0,4.7,9.9,0.47,2.8,4.2,0.671,4.2,5.9,10,1,0.8,1.1,1.7,5.3,12.2
56,14,2,675,5.4,10.3,0.528,0,0.5,0,5.4,9.8,0.554,3,4.4,0.675,2,2,4,1.3,2,0.3,1.3,2.3,13.9
56,13,4,682,4.5,10.4,0.437,0.2,1.4,0.148,4.3,9,0.482,1.6,2.6,0.612,4.1,6,10.1,2.1,0.9,1.7,2.6,5,10.9
26,5,2,683,5.8,13.7,0.425,1.4,4.4,0.325,4.4,9.3,0.472,2.2,2.3,0.932,0.6,3.3,3.8,2.2,1.4,0.1,1.3,3.4,15.2
61,0,1,688,4.9,11,0.441,0.6,1.9,0.324,4.2,9.1,0.466,3.3,4.8,0.696,0.9,2.8,3.7,5.8,1.2,0.1,2.4,2.2,13.7
56,0,5,698,4.2,9,0.469,0,0.1,0,4.2,9,0.471,1.9,2.1,0.878,2.3,5.7,8,1.1,0.9,0.8,1.5,5,10.3
37,1,4,700,6.1,11.6,0.524,0,0.1,0,6.1,11.5,0.529,2.4,2.8,0.852,2.3,4.6,6.9,2,0.9,0.5,2.2,5.4,14.5
43,43,5,701,1.9,4,0.474,0,0,0,1.9,4,0.474,0.5,1.4,0.37,3,5.6,8.6,0.6,0.5,3.4,2.1,6.4,4.3
38,3,1,702,3.6,9.3,0.392,0.1,0.4,0.125,3.6,8.9,0.405,1.1,1.6,0.688,0.7,2.5,3.2,6.4,0.7,0,2.2,3.7,8.5
47,5,2,710,5.1,13.1,0.386,2.4,5.9,0.414,2.6,7.3,0.364,2.1,2.8,0.764,0.9,2.6,3.5,2.2,1,0.2,2.1,4.3,14.7
61,3,1,712,3.3,8.1,0.404,0.7,2.2,0.318,2.6,5.9,0.436,1.8,2.3,0.778,0.5,3.2,3.7,4.6,1.6,0.2,2.5,3.1,9.1
48,9,1,718,3.7,9.4,0.388,0.8,2.3,0.356,2.9,7.2,0.399,3.5,3.9,0.885,0.2,2,2.2,4.5,1.2,0.3,2.3,2.6,11.6
54,0,4,720,4.6,9.5,0.489,0.5,1.5,0.333,4.1,8,0.519,1.5,1.8,0.811,2.6,5.5,8.1,0.9,1.6,0.9,1.4,5,11.3
63,2,5,720,3.9,8.8,0.446,0,0.1,0,3.9,8.7,0.451,5.3,7.2,0.736,4.8,5.9,10.7,0.5,0.7,1.1,2.3,5.2,13.2
61,2,4,727,3.9,11,0.351,1.3,4.5,0.286,2.6,6.5,0.397,2.2,2.6,0.865,1.6,7.6,9.2,2.2,0.7,0.3,1.6,3.4,11.2
27,17,1,739,4,9.6,0.416,0.7,2.1,0.318,3.3,7.5,0.444,1.2,1.6,0.781,0.4,2.1,2.6,6,0.8,0.1,2.2,2.5,9.9
52,0,1,745,4.5,11.8,0.385,1.8,5.8,0.319,2.7,6,0.448,1.4,1.6,0.909,0.4,1.8,2.3,4.5,1.6,0.3,1.7,2.7,12.4
23,22,1,746,4.1,9.4,0.438,0.2,1.1,0.174,3.9,8.3,0.474,1.5,1.7,0.889,0.6,3.4,4,4.5,2,0,1.6,2.9,9.9
59,19,4,753,4.4,8.1,0.538,0,0,0,4.4,8.1,0.538,3.7,5.6,0.661,2.4,6.3,8.7,0.8,1.2,1.7,2.2,6.5,12.4
59,2,4,760,6,12.6,0.477,0,0,0,6,12.6,0.477,5.3,6.6,0.8,3.6,6.1,9.6,1.2,0.4,1.2,3.2,5.8,17.3
64,4,1,760,3.4,7.9,0.425,0,0.1,0.5,3.3,7.8,0.424,2.3,3.1,0.754,0.4,2.8,3.2,6.2,1.1,0.1,1.9,3.5,9.1
51,33,5,773,5.5,10.3,0.532,0,0,0,5.5,10.3,0.532,2.3,3.8,0.61,4.1,6.5,10.7,0.4,1.3,1.9,2,6.2,13.3
52,9,3,777,4,10.6,0.382,0.6,2.2,0.277,3.4,8.4,0.409,2.2,3.8,0.585,1.3,3.5,4.8,3.8,1.5,0.1,2.6,3.5,10.9
68,0,4,792,3,8,0.367,0.8,2.4,0.321,2.2,5.6,0.387,1.7,2,0.86,1.9,3.7,5.6,3,1.1,0.4,1.8,3.5,8.4
45,4,2,800,5.8,12.6,0.459,0.3,1.2,0.231,5.5,11.5,0.482,2.5,3.6,0.7,1.2,2.5,3.7,2.6,1.2,0.3,2.5,2.5,14.4
33,18,2,805,5.9,11.6,0.514,0.4,1.5,0.242,5.6,10.1,0.553,4.7,6,0.784,1.6,4,5.5,2.5,2.2,0.5,3.4,3.9,16.9
65,2,4,810,3.3,8.3,0.398,0.1,0.4,0.25,3.2,7.9,0.404,1.9,2.3,0.808,2.1,5.7,7.8,2.9,1.2,0.4,2.9,5.3,8.5
23,23,1,822,5.1,10.9,0.472,0.2,0.7,0.25,4.9,10.2,0.487,2.7,3.7,0.729,1.1,3.5,4.6,9.2,1.6,0.2,3.1,2.5,13.1
58,40,5,838,5.2,11.8,0.445,0,0.1,0.333,5.2,11.6,0.446,1.8,2.9,0.632,3.4,4.5,7.9,1,0.5,1,1.6,6.9,12.4
35,8,4,838,7,14.1,0.5,0.1,0.1,0.667,7,14,0.498,3.7,4.8,0.768,3.1,6.9,10,2.8,0.8,1,2.4,4.3,17.9
54,8,5,840,4.6,9.8,0.474,0,0,0,4.6,9.7,0.476,1.8,3.9,0.467,4,6.5,10.5,1.2,0.9,1.4,2.1,6,11.1
36,22,1,846,4.3,9.5,0.446,0.3,1.2,0.241,4,8.3,0.477,1.8,2,0.894,0.6,3.6,4.2,4.4,1.9,0,1.6,3.5,10.6
26,26,5,848,7.2,13.7,0.526,0,0,0,7.2,13.7,0.528,3.7,5.1,0.711,2.2,5.3,7.5,2,0.4,1,2.2,3.7,18.1
67,1,1,862,4.2,10,0.423,1,3.5,0.282,3.2,6.4,0.5,0.9,1.1,0.808,0.8,3,3.8,9.1,1.5,0.1,3.2,3,10.3
71,4,2,868,4.5,10.6,0.426,0.6,1.7,0.357,3.9,8.9,0.439,1,1.9,0.511,1.5,4.9,6.3,2.5,1.4,0.5,2.5,4.1,10.6
39,9,2,870,4,10.3,0.386,1.3,4.2,0.317,2.6,6.1,0.432,3,3.6,0.83,0.7,2.7,3.4,2.3,1.2,0.5,2.1,3.3,12.3
31,4,1,877,6.4,15.5,0.413,1.7,4.5,0.373,4.7,11,0.429,4.9,5.4,0.908,0.9,1.6,2.6,5.4,1,0.1,2.1,1.3,19.4
32,19,3,900,6.4,15.5,0.415,1.8,4.2,0.415,4.7,11.3,0.415,4.5,5,0.897,0.6,3.3,3.9,2.2,0.7,0.1,2.2,2.6,19.2
82,9,5,913,3,6.7,0.441,0,0,0,3,6.7,0.441,2.1,3.3,0.651,2.8,3.9,6.7,2.4,0.5,0.3,1.5,5.8,8
53,23,1,919,3.2,7.3,0.433,0,0.1,0,3.2,7.2,0.438,1.4,1.8,0.822,0.3,2.6,2.9,5.1,0.8,0,1.8,3,7.8
73,4,2,935,4,10.3,0.392,2.3,6.2,0.373,1.7,4.1,0.421,1.7,1.9,0.878,1.1,3,4.1,2.5,1.6,0,1.2,4,12.1
48,12,4,936,6.7,12.7,0.527,2,4.4,0.461,4.7,8.3,0.563,1.6,2,0.774,1.1,4.3,5.3,1,0.7,0.3,1.2,2.9,17
67,8,5,943,5,10,0.5,0,0,0,5,10,0.5,2.7,5.2,0.526,3.4,3.7,7.1,0.5,1.1,2.3,2,4.2,12.8
56,1,2,946,6.8,16,0.428,2.9,6.7,0.429,4,9.4,0.427,1.3,1.4,0.917,0.5,3,3.5,2.5,1,0.1,1,2.6,17.8
73,1,1,948,4.8,13.1,0.369,1.3,4.4,0.287,3.6,8.7,0.41,2,2.3,0.883,0.4,2.7,3.1,4.6,1,0,2.1,2.7,12.9
50,1,5,955,3.1,8.2,0.372,0.9,2.5,0.379,2.1,5.7,0.368,0.6,1.4,0.444,1.2,3.4,4.6,1.9,0.5,0.9,1.1,3.7,7.7
72,4,4,966,5,10.5,0.475,0,0.1,0,5,10.4,0.479,4,6.5,0.606,3.3,6.7,10,1.5,1.7,2.8,3.5,6,13.9
48,12,2,967,5.2,11.3,0.457,0.5,1.7,0.283,4.7,9.6,0.488,2.9,3.6,0.796,1.1,2.5,3.6,1.5,2,0,1.7,2.1,13.7
54,18,4,969,3.5,7.7,0.452,0,0.1,0,3.5,7.7,0.456,3.5,4.9,0.725,3.8,5.9,9.7,1.1,1.3,0.5,1.3,4.9,10.5
66,14,4,973,5.1,13.4,0.383,2,5.5,0.365,3.1,8,0.395,2.6,3.3,0.787,2.1,4.8,7,1.8,1,0.6,1.9,5.4,14.9
63,3,2,973,4.7,11.9,0.398,1.6,4.8,0.338,3.1,7.1,0.438,3.2,3.5,0.905,0.6,2,2.6,6.4,1,0,3.3,2.8,14.3
39,17,4,984,6.6,14,0.47,1.1,3.1,0.337,5.5,10.9,0.508,2.7,3.3,0.82,2.3,6.1,8.3,1.3,0.9,0.4,2,4,16.9
55,15,4,986,4.9,11.5,0.424,1.5,4.3,0.339,3.4,7.2,0.475,1.9,2.7,0.726,1.9,4.6,6.6,2.4,0.9,0.7,2.5,4.6,13.2
60,16,1,988,3.6,8.4,0.424,1.9,4.5,0.419,1.7,3.9,0.43,1,1.4,0.718,1,2.3,3.4,2.5,0.8,0.3,1.6,3.4,10.1
59,18,2,990,3.6,8.9,0.404,1.9,5,0.387,1.7,3.9,0.426,1.7,2.3,0.746,0.6,2.8,3.4,2.1,1,0.1,1.7,3.6,10.8
65,24,4,1018,6.5,14.4,0.453,1.6,4.1,0.4,4.9,10.4,0.474,1.2,1.7,0.723,2.2,5.4,7.6,2.3,0.9,1,1.8,4.7,15.9
56,25,4,1025,5.6,13.6,0.41,0,0,0,5.6,13.6,0.411,3.2,3.6,0.874,2.2,4.6,6.7,2,0.7,0.2,2.3,3.1,14.3
54,17,4,1027,2.7,6.7,0.403,1.5,3.9,0.4,1.2,2.8,0.407,0.6,0.8,0.783,0.8,2.8,3.7,2.1,0.8,0.6,1.5,4.6,7.6
54,18,5,1029,5.6,12.1,0.465,0,0.2,0,5.6,11.9,0.472,3.4,4.7,0.724,3,5.8,8.7,0.6,1,2.2,2.4,5.1,14.7
35,27,2,1033,4.2,9.4,0.446,2,5.2,0.378,2.3,4.3,0.528,1.2,1.4,0.829,0.6,3.9,4.5,2.6,1.6,0.3,0.8,2.4,11.6
61,0,2,1034,6.2,14.8,0.416,1.9,5.4,0.361,4.2,9.4,0.448,2.1,2.4,0.897,0.2,2.4,2.6,2.1,0.7,0.1,1.9,3.1,16.4
67,31,5,1035,2.9,6.4,0.448,0,0,0,2.9,6.4,0.448,0.3,1.1,0.281,3,4.6,7.5,1.4,1,1,1.4,7.1,6
73,9,5,1043,4.2,8.8,0.475,0,0,0,4.2,8.8,0.475,2.7,3.9,0.681,2.9,5.9,8.8,1.5,1,0.8,1.9,6.9,11
39,6,2,1051,5.7,12.7,0.449,1.2,3.6,0.346,4.5,9.1,0.489,2.7,3.5,0.772,1.4,5,6.4,4,1.3,0.4,2.4,2.8,15.3
42,31,1,1054,3.1,9.5,0.327,0.2,1,0.214,2.9,8.5,0.34,1.1,2,0.55,0.4,2.4,2.8,6.3,2.5,0.1,2.6,4.5,7.5
68,1,3,1064,4.7,9.3,0.505,0.2,0.9,0.185,4.5,8.4,0.54,1.7,3,0.567,3.3,6.7,9.9,1.5,1.9,1.5,1.7,4.9,11.3
72,1,5,1087,4.9,8.9,0.549,0,0,0,4.9,8.8,0.551,2.9,4.4,0.664,2.9,5.7,8.6,2.1,0.6,2.6,1.7,6.7,12.7
72,2,1,1090,4.1,9.7,0.422,1.5,4.5,0.328,2.6,5.2,0.503,0.9,1.3,0.711,0.7,3.2,3.9,4.5,1.5,0.2,2.4,2.5,10.6
68,8,4,1124,2.9,8,0.359,1.6,4.8,0.336,1.3,3.3,0.392,1.2,2,0.594,2.3,5,7.3,2.5,1.4,1.3,1.4,3.4,8.6
66,11,4,1127,3.7,6.9,0.544,0,0,0,3.7,6.9,0.544,2.9,5.8,0.497,5,9.7,14.7,1.4,1.3,0.5,3,4.6,10.4
41,28,5,1132,4.5,7.7,0.591,0,0,0,4.5,7.7,0.593,1.9,4.3,0.44,2.6,5.2,7.8,2.4,1.2,1.6,2.4,3.9,11
40,39,5,1135,9,15.2,0.591,0,0,0,9,15.2,0.591,3.9,9.3,0.422,3.1,6.3,9.4,2.5,0.3,1.7,3,4.4,21.9
63,23,2,1137,3.5,7.9,0.438,0.6,1.9,0.322,2.9,6.1,0.474,1.4,2.3,0.603,1.2,4.3,5.5,1.7,0.9,0.3,1.4,3.8,9
35,19,1,1154,5.2,12.2,0.427,1.7,4,0.419,3.5,8.2,0.431,3.2,3.6,0.886,0.8,1.6,2.4,5,1,0,2.1,1.9,15.3
67,35,3,1169,5.6,12.1,0.464,0.8,2.2,0.347,4.8,9.9,0.491,1.6,2.7,0.609,1.2,2.7,3.9,0.8,1.2,0.7,1.3,3.6,13.6
60,0,1,1173,4.2,10.9,0.386,2.7,7.1,0.385,1.5,3.8,0.387,0.9,1.4,0.682,0.3,1.7,2,2.9,0.5,0.1,1.1,1.6,12.1
64,19,2,1177,3.1,8.9,0.342,1.5,5.2,0.288,1.6,3.7,0.418,1.1,1.6,0.66,0.8,2.5,3.4,1.7,0.9,0.2,1.1,4,8.7
42,31,4,1185,5.6,12.2,0.461,1.1,2.7,0.409,4.5,9.5,0.476,1.9,2.4,0.772,1.9,5.9,7.8,2,0.8,0.8,1.5,4,14.2
37,32,2,1186,5.5,13.1,0.419,1.2,4.2,0.297,4.2,8.9,0.476,3.6,4.4,0.822,0.5,2.4,2.9,3.5,1,0.6,2.5,2.6,15.8
61,6,2,1188,5.3,11.5,0.462,1.6,3.7,0.426,3.8,7.8,0.479,2.2,2.6,0.816,0.7,3.2,3.9,1.9,0.8,0.2,1.9,3.7,14.4
50,32,3,1190,3.8,8.9,0.429,1.6,4.6,0.355,2.2,4.3,0.507,2.8,3.2,0.877,0.9,2.5,3.4,4,1.6,0.2,1.7,3.5,12.1
36,36,4,1208,6.6,14.5,0.458,1.6,3.5,0.458,5,11,0.458,2.1,3,0.713,2.1,4.6,6.7,1.5,0.7,0.3,2.7,3.5,17
67,13,5,1208,3.8,7.7,0.486,0,0,0,3.8,7.7,0.488,1.7,2.1,0.789,2.6,8.7,11.3,0.7,0.7,0.9,1,4.6,9.2
44,30,2,1237,4.1,10,0.408,1.2,3.2,0.378,2.9,6.8,0.422,5.1,6.1,0.829,1,3.6,4.6,4.9,1.2,0.3,2.9,3.7,14.5
70,14,3,1239,3.5,7.7,0.462,0.3,1.4,0.234,3.2,6.3,0.512,1.9,2.4,0.805,1.7,3.3,5,1.6,0.7,0.6,1.4,3.1,9.3
55,1,2,1243,5.5,12.9,0.426,1.5,4.1,0.364,4,8.7,0.455,1.7,2.1,0.833,0.5,2,2.5,2.4,1.4,0.2,2.2,3.2,14.2
65,32,5,1246,4.6,8,0.574,0,0,0,4.6,8,0.574,2.2,4,0.558,3.9,7,10.9,0.8,0.6,2.6,2.1,4.7,11.4
45,25,1,1273,4.3,10.3,0.419,0,0.5,0.056,4.3,9.8,0.438,2.9,3.6,0.805,0.4,2.9,3.3,8.4,1.9,0.1,2.7,3.2,11.5
81,4,1,1275,4.4,10.6,0.414,2,6,0.336,2.4,4.6,0.515,2.1,2.6,0.785,1,2.9,3.8,5.4,2,0.2,2.1,2.9,12.9
43,42,4,1277,5.6,11.5,0.489,0.1,0.2,0.333,5.6,11.4,0.491,2.4,3.7,0.636,2.5,5.7,8.1,3.6,1.2,0.7,2.1,3,13.7
57,7,2,1278,5.6,10.5,0.539,0,0.2,0,5.6,10.3,0.549,3,4.8,0.62,2.8,4.3,7,1.8,1.7,0.5,2.4,3.8,14.3
60,17,3,1283,4.1,10.4,0.395,1.5,4.2,0.353,2.6,6.2,0.423,1,1.3,0.75,1.6,4.4,6,0.9,1.3,0.6,1.4,4,10.7
75,33,5,1289,2.4,4.3,0.556,0,0,0,2.4,4.3,0.556,1.7,2.4,0.69,4.6,9,13.6,0.4,0.6,2.1,1.1,4.4,6.4
66,19,3,1292,4.5,10.1,0.445,0.1,0.9,0.147,4.4,9.2,0.476,1.8,2.4,0.744,1.1,6.5,7.6,2.6,1.1,1.3,1.8,3.1,11
38,37,2,1293,6.4,14.3,0.446,1.6,4.8,0.341,4.7,9.5,0.499,3.4,4.3,0.804,1.2,2.3,3.5,4.8,1.4,0.4,2.8,3.1,17.8
67,17,1,1301,3.9,9.5,0.414,0.7,2,0.342,3.2,7.5,0.433,1.3,1.7,0.754,0.6,2.2,2.8,5.6,0.9,0.1,2.1,3.3,9.8
72,5,1,1304,5.6,13.2,0.425,0.4,1.4,0.275,5.2,11.8,0.443,3.6,4.6,0.795,0.9,2.8,3.7,5.6,1.1,0.1,2.5,3.6,15.2
55,43,3,1307,2.6,5.7,0.461,0.1,0.6,0.1,2.6,5.1,0.5,0.9,1.9,0.456,3.1,3.5,6.6,1.8,1.2,0.8,1.7,4.1,6.1
79,2,1,1315,5.7,14.4,0.395,1.3,4.5,0.282,4.4,9.9,0.446,2,2.3,0.847,0.8,3.7,4.5,7.1,0.8,0.1,3.9,2.6,14.6
79,21,3,1319,5.2,10.6,0.495,0.2,0.8,0.29,5,9.7,0.513,3,3.6,0.84,1.5,5.3,6.8,1.2,0.8,0.1,1.3,4.4,13.7
63,12,2,1319,3.8,9.9,0.385,1.1,3.5,0.305,2.7,6.4,0.429,2.6,3.1,0.833,0.6,2.5,3.1,2.9,1.3,0.4,1.8,3.3,11.2
56,2,2,1330,5.5,14,0.394,1.5,4.5,0.327,4.1,9.6,0.425,3.5,4.5,0.774,1.1,3.7,4.8,3.8,1.4,0.2,2.1,2.7,16
70,41,5,1332,3.9,7.6,0.511,0,0.1,0,3.9,7.6,0.514,1.7,2.2,0.775,2.2,6.9,9.1,1.5,0.8,1.6,2.3,5,9.5
68,1,4,1337,6.4,12.5,0.51,0,0.1,0,6.4,12.4,0.512,4,5.6,0.715,1.7,4.3,6,1.1,0.8,0.4,2.6,4.9,16.7
42,42,4,1355,7.2,15.8,0.456,1.9,4.6,0.417,5.3,11.2,0.473,2.6,3.7,0.681,2.1,5,7.2,2.6,1.1,0.4,2.1,4.1,18.9
54,11,4,1355,5.1,11.4,0.445,0,0.1,0,5.1,11.3,0.449,3.1,3.6,0.846,2.8,6.7,9.6,1.2,0.8,0.5,1.7,3.3,13.2
64,5,1,1356,6,13.9,0.434,2.2,5.7,0.39,3.8,8.2,0.465,2.9,3.7,0.777,1.5,2.6,4,2.4,1.3,0.2,1.9,4.2,17.1
81,0,4,1360,5.5,13.1,0.424,2.5,7.2,0.351,3,5.9,0.514,1.4,2.1,0.663,2.3,6.3,8.6,1.2,1,1.1,1.8,3.4,15
79,33,4,1365,4.2,7.4,0.562,0,0,0,4.2,7.4,0.562,0.9,1.3,0.647,3.5,6.3,9.7,1.8,0.7,0.6,1.8,5.6,9.2
76,11,2,1372,3.2,7.8,0.411,0.8,2.7,0.311,2.4,5.1,0.464,0.7,0.9,0.794,0.9,3.2,4.1,1.8,1.2,0.2,1,4,8
82,1,2,1372,4.1,9.9,0.415,1.2,3.6,0.333,2.9,6.2,0.462,1.8,2.3,0.787,1.8,5.2,7,2.3,1.2,0.2,1.6,2.5,11.2
76,7,3,1376,4.2,11.5,0.368,2.4,6.2,0.378,1.9,5.3,0.356,1.9,2.1,0.877,0.9,3.7,4.6,1.2,0.7,1.1,0.7,3,12.7
63,22,5,1392,6.2,12.4,0.503,0,0.1,0,6.2,12.3,0.505,2.1,3,0.722,3.7,4.3,8.1,0.6,0.6,1.9,1.1,4.8,14.6
53,31,4,1406,7,15,0.467,2,5.4,0.383,4.9,9.6,0.515,3.1,3.7,0.848,1.1,6.6,7.7,1.5,0.7,0.6,2.7,4.2,19.2
58,30,1,1407,6.7,16,0.418,0.8,2.8,0.294,5.9,13.2,0.444,4.1,4.7,0.879,0.7,3.6,4.3,6.9,0.7,0.2,2.6,3.2,18.3
79,5,3,1410,4.2,9.7,0.429,1.4,3.8,0.356,2.8,5.9,0.476,2.4,2.9,0.833,1.4,3.9,5.2,2.2,1.1,1.1,1.8,4.9,12.1
62,53,4,1412,3.7,7.7,0.482,0,0,0,3.7,7.7,0.483,1,1.9,0.513,3.4,6.2,9.6,1.9,1.1,0.4,2.3,3.6,8.4
66,2,2,1435,4.7,11.5,0.41,0.8,2.4,0.323,3.9,9.1,0.434,2.9,3.5,0.809,0.6,1.6,2.2,2.8,1.3,0.4,1.8,3.1,13.1
72,49,4,1456,4.2,10.3,0.407,0,0,0,4.2,10.3,0.409,2.4,3,0.787,3.2,5.4,8.6,1.2,0.6,1.3,2.1,4.6,10.8
63,24,2,1471,7,15.8,0.441,3.6,9.3,0.39,3.3,6.4,0.515,2.5,3.1,0.81,0.7,2.8,3.5,2.2,1.2,0.2,2.1,3.6,20
82,1,4,1472,5.1,9.7,0.525,0,0.1,0.333,5.1,9.7,0.527,3.4,5.1,0.673,4.5,5.9,10.3,1.5,1.6,1.8,2.3,5.8,13.7
69,18,2,1477,4.3,10.7,0.404,0.6,2,0.289,3.7,8.7,0.431,2.1,2.9,0.725,0.6,2.1,2.8,4.6,1.2,0.3,2.2,2.3,11.3
81,9,5,1480,1.7,3.7,0.47,0,0,0,1.7,3.6,0.473,1.2,2.1,0.558,4,6.6,10.7,0.7,1,2.7,1.5,5.9,4.6
79,14,4,1488,4.8,11.5,0.422,2,5.3,0.376,2.8,6.1,0.462,2.8,3.3,0.852,1.9,4.6,6.4,1.1,0.7,0.3,1.9,4.8,14.5
56,17,1,1488,5.3,12.7,0.416,1.4,3.9,0.348,3.9,8.8,0.446,3.5,3.9,0.883,0.5,2.1,2.5,4.9,0.6,0,2.1,2.4,15.4
62,51,1,1501,4.1,10.5,0.391,1.4,4.2,0.337,2.7,6.3,0.427,1.6,2,0.795,0.7,2.6,3.3,7.2,1.1,0,2.4,2.3,11.2
68,28,1,1503,3.4,8.8,0.393,0.8,2.9,0.26,2.7,5.8,0.461,0.9,1.4,0.667,0.4,2.7,3.2,4.8,1,0.1,1.6,2.8,8.6
65,11,4,1503,5.1,11.4,0.449,0,0.1,0,5.1,11.3,0.453,3,3.5,0.845,2.9,6.7,9.6,1.2,0.9,0.6,1.8,3.5,13.2
81,13,5,1510,5.4,10.4,0.516,0,0,0,5.4,10.4,0.516,1.2,1.8,0.649,2.2,5.8,8,1.1,0.9,1.1,2,5.7,12
81,31,4,1514,3.9,8.7,0.455,0,0.1,0.5,3.9,8.6,0.454,2.6,3.4,0.764,3.1,7.2,10.3,1,1.2,0.9,2.3,4.7,10.6
71,12,3,1515,5.3,12.3,0.429,2.5,7,0.359,2.8,5.3,0.523,2,2.9,0.683,0.8,4.9,5.6,1.1,1.1,0.3,1.3,3,15.1
67,44,4,1523,2.9,6,0.49,0,0,0,2.9,6,0.49,1.1,1.9,0.582,2.5,6.6,9.1,1.4,0.4,1.5,1.8,4.6,6.9
43,43,2,1529,5.1,11.3,0.454,0.8,2.8,0.283,4.3,8.5,0.511,3.1,4,0.792,1,4.7,5.7,2.6,1.1,0.2,1.8,2.8,14.2
76,1,3,1532,5.3,11.6,0.457,2.6,6.2,0.423,2.7,5.4,0.496,3.1,3.9,0.805,0.6,5.3,5.9,1.4,0.7,0.6,1.6,4.3,16.4
67,1,4,1532,5.8,13.3,0.434,0.2,0.9,0.27,5.5,12.5,0.445,3.4,4.3,0.79,1.5,3.6,5.1,1.2,1.4,1.7,1.6,3.5,15.2
67,28,2,1534,5.2,11.5,0.453,1.4,3.5,0.405,3.8,8,0.474,2.3,3,0.794,0.5,3.2,3.7,2.5,1.3,0.4,2.4,3.4,14.2
82,5,4,1537,5.8,10.8,0.531,0,0.1,0,5.8,10.7,0.538,2.7,4.4,0.624,3.5,6.3,9.7,1.1,1.2,0.4,1.7,5.2,14.2
70,13,2,1555,3.1,7.5,0.418,0.7,2,0.376,2.4,5.6,0.433,1.6,2,0.761,1.3,3,4.3,3.4,1.7,0.4,2,4,8.6
77,43,5,1572,5.5,9.7,0.56,0,0,0,5.5,9.7,0.56,4.2,7.1,0.601,2.9,5.1,8,0.4,0.3,4.1,3,5,15.1
66,66,4,1575,4,8.2,0.489,0,0,0,4,8.2,0.49,1.2,1.8,0.675,2.1,5.8,7.9,0.8,0.7,0.7,1.4,4.2,9.2
72,53,5,1576,3,6.1,0.491,0,0.1,0,3,6.1,0.496,1.4,2.3,0.6,2.6,5.9,8.5,2.1,0.5,2.2,2.6,4.9,7.4
78,30,1,1578,4,10.8,0.371,0.8,2.9,0.289,3.2,7.9,0.402,2.1,2.5,0.818,0.4,2.1,2.5,5,1,0.3,2.2,3.8,10.9
64,41,2,1594,4,9.5,0.422,1.8,5,0.351,2.3,4.5,0.5,1.3,1.7,0.787,0.7,3.6,4.3,2.5,1.5,0.2,1.1,2.8,11.1
70,41,4,1605,4.2,7.3,0.577,0,0,0,4.2,7.3,0.577,1.7,3.4,0.49,2.6,5,7.5,0.6,0.3,1.7,1.5,3.1,10.1
54,31,1,1611,4.6,10,0.463,0.1,0.4,0.313,4.5,9.7,0.469,1.8,2.6,0.707,1.3,2.9,4.1,6.1,1.3,0.6,2.4,3,11.2
77,11,1,1614,5.9,11.3,0.521,0.6,1.7,0.333,5.3,9.6,0.553,2.6,3.2,0.818,0.5,2.5,3,8.6,1.4,0.1,2.5,3,14.9
67,8,3,1615,6.2,14.6,0.428,1.4,3.6,0.383,4.9,11,0.443,4.1,4.8,0.847,0.9,2.4,3.2,4.2,1.1,0.2,2.6,1.7,17.9
49,47,3,1621,5.1,12.1,0.418,2.2,5.7,0.376,2.9,6.4,0.456,1.8,2.7,0.692,1.4,6.4,7.8,2.4,0.8,0.2,1.6,3,14.1
48,48,5,1624,9.4,18.2,0.516,0,0,0,9.4,18.1,0.518,7.9,9.2,0.862,2.2,7.8,10,2.1,0.4,2.1,3.7,3.5,26.6
81,17,3,1626,5,12.1,0.41,1.5,4.1,0.361,3.5,8,0.435,1.6,1.9,0.845,0.9,3.7,4.6,1.8,1.1,0.3,1.2,3.5,13
65,2,4,1629,5.9,13.8,0.427,2.2,5.9,0.373,3.7,7.9,0.468,2.6,3.1,0.824,1.1,4.5,5.6,1.1,0.7,1.2,2.4,4,16.6
75,28,2,1631,4.5,9.4,0.475,2.8,6.3,0.446,1.6,3,0.536,2.3,2.6,0.88,0.4,3.2,3.5,3,1.2,0.3,1.3,1.9,14
49,40,1,1642,3.6,8.3,0.432,1.1,3.1,0.343,2.5,5.3,0.483,0.7,1,0.727,0.3,2.4,2.7,7.1,1.1,0.1,2.2,1.6,8.9
75,36,4,1658,4.4,7.7,0.576,0,0.3,0.083,4.4,7.4,0.594,1.9,2.7,0.715,2.8,3.9,6.7,1.4,1.6,0.6,1.2,4.5,10.8
58,49,2,1662,5,12,0.42,1.8,4.9,0.357,3.3,7.1,0.463,2.7,3.4,0.794,1.2,4.2,5.4,3.2,1,0.2,2,3,14.5
78,25,2,1671,4.7,9.9,0.477,0.1,0.3,0.417,4.6,9.7,0.479,3,3.7,0.793,1,2.3,3.3,1.5,0.8,0.5,2,4.1,12.6
51,49,2,1675,6.6,15.8,0.417,2.4,6.5,0.365,4.2,9.3,0.453,2,3,0.657,1.5,4,5.6,3.7,1.2,0.7,1.8,2.8,17.5
80,73,5,1676,4.9,9,0.546,0,0,0,4.9,9,0.548,0.7,1.1,0.68,2.5,5.3,7.7,1.6,0.8,1.8,1.2,4.1,10.6
81,43,2,1700,3.7,8,0.467,0,0.2,0.2,3.7,7.8,0.474,1.4,1.8,0.782,1.3,2.8,4,1.8,1.5,0.7,0.7,3.8,9
81,23,5,1703,4.2,8.3,0.504,0,0,0,4.2,8.3,0.504,2.8,5.1,0.541,3.2,7.2,10.4,0.6,0.4,1.4,2.7,4.8,11.2
82,7,1,1710,6,14.6,0.409,1.7,4.4,0.388,4.3,10.2,0.418,2.2,2.6,0.852,0.4,3.4,3.8,4.3,1.1,0.1,2.6,2.5,15.8
78,43,4,1714,4,7,0.573,0,0,0,4,7,0.573,1.2,1.9,0.618,4.3,6.7,10.9,1,1.5,0.4,1.3,5.9,9.2
64,42,5,1715,6.2,10.8,0.57,0,0,0,6.2,10.8,0.571,4.1,5.9,0.689,3.1,6.3,9.4,1.6,1.3,1.2,2.7,4.4,16.4
82,3,4,1729,5.9,11.2,0.526,0,0,0,5.9,11.2,0.526,2,2.9,0.691,3.4,6.9,10.3,1.5,1.3,1.4,1.6,5,13.8
58,12,4,1731,5,8.3,0.6,0,0,0,5,8.3,0.6,2.9,3.6,0.815,4.1,8.4,12.5,2.2,1,0.5,1.9,3.2,12.9
76,10,2,1732,4.9,11.3,0.432,1,2.8,0.361,3.9,8.5,0.455,2.5,3.2,0.787,1.9,2.7,4.6,1.5,0.8,0.3,1.2,2.6,13.3
75,43,5,1740,2.5,5.4,0.469,0,0,0,2.5,5.4,0.471,1.6,2.5,0.639,5.2,7.4,12.6,1.2,1.3,0.8,1.4,4.2,6.7
77,49,5,1740,4.1,7.3,0.558,0,0,0,4.1,7.3,0.558,2.4,4.3,0.548,4,5.8,9.9,1,0.7,1.8,1.9,4.3,10.6
47,46,2,1740,7.7,17.6,0.439,2.2,5.7,0.389,5.5,11.9,0.463,6.6,8.3,0.796,0.8,4.9,5.7,4,1,0.3,3.1,2.5,24.3
82,27,3,1759,4,10.1,0.396,1.9,5.1,0.364,2.1,5,0.43,1.9,2.7,0.705,0.9,4,4.9,1.1,0.7,0.4,1.6,2.6,11.7
80,8,2,1761,3.5,8,0.442,0.4,1.3,0.302,3.1,6.7,0.469,4.3,5.1,0.832,0.4,2.7,3.1,5.9,0.8,0.2,1.4,1.6,11.7
67,35,3,1767,5.7,11.5,0.494,2.2,4.3,0.514,3.5,7.2,0.482,1.3,1.5,0.892,0.5,3.1,3.7,1.7,0.8,0,1.4,2.8,14.9
81,26,3,1780,6.3,14.9,0.419,1.9,5.2,0.368,4.3,9.7,0.447,2.6,3.2,0.805,1.4,2.8,4.2,1.7,0.8,0.5,2.4,4,17
63,56,5,1783,4.5,10,0.453,0.1,0.7,0.152,4.4,9.3,0.475,2.3,3,0.772,1.6,6.5,8.1,4.5,0.8,0.8,2.2,3.1,11.5
82,53,5,1793,5,8.9,0.558,0,0.1,0,5,8.8,0.561,2.9,4.3,0.668,2.8,6.9,9.7,1.9,0.2,2.6,2.3,5,12.8
76,23,4,1813,5.5,12.5,0.438,2.1,5.8,0.366,3.4,6.7,0.5,1.8,2.4,0.732,1.8,5.1,6.9,3.1,1.4,0.8,2.1,3.7,14.8
78,15,4,1818,5.2,13.2,0.397,1.7,6,0.275,3.6,7.2,0.499,0.9,2.1,0.438,1.8,4.9,6.7,2.6,1,0.3,2.8,3.4,13.1
61,60,4,1821,5.7,12.6,0.452,0.1,0.2,0.364,5.6,12.4,0.454,2,3.2,0.638,2.5,6.2,8.6,3.7,1.2,0.8,2.1,2.8,13.5
82,16,3,1823,5.4,13.1,0.412,2.1,5.6,0.364,3.3,7.4,0.448,1.8,1.9,0.918,0.7,3.7,4.4,2.1,0.6,0.3,0.9,1.5,14.6
78,25,1,1831,3.7,8.8,0.418,0.1,0.6,0.207,3.6,8.3,0.432,2.3,3.6,0.647,1.5,4.3,5.7,5.8,2.5,0.2,2.7,3.6,9.9
74,36,2,1842,7,17,0.411,1,3.1,0.325,6,13.9,0.43,1.4,2.2,0.667,0.8,2.3,3.1,2.2,1.1,0.1,2.1,2.8,16.4
80,78,4,1844,1.1,2.9,0.364,0,0,0,1.1,2.9,0.369,1.2,2.5,0.465,1.8,4.4,6.2,0.9,0.8,0.7,1.4,5.3,3.3
68,48,4,1852,5.2,11.3,0.458,1.1,2.9,0.395,4,8.4,0.479,2.1,2.8,0.745,1.9,6.1,8,2.4,0.9,0.8,1.5,3.8,13.6
61,55,1,1865,4.5,11,0.413,1.9,5.7,0.339,2.6,5.3,0.493,1.8,2,0.913,0.3,2.4,2.7,6.2,1.1,0,1.9,1.3,12.8
72,47,2,1878,5.5,12.6,0.433,2.1,5.1,0.416,3.3,7.5,0.445,3.6,4,0.904,0.7,3.3,4,1.7,1,0.2,1.4,3.4,16.7
82,12,1,1879,5.7,13.2,0.434,1.3,3.5,0.368,4.4,9.7,0.458,3.1,3.7,0.854,0.9,3.2,4.2,4.4,1,0.4,2.9,3.5,15.9
72,59,4,1896,5.7,13.1,0.433,0.1,0.3,0.167,5.6,12.7,0.44,1.6,2.1,0.787,1.7,5.8,7.5,1.3,0.7,0.8,1.9,4.1,13
52,52,4,1900,7.1,15,0.476,0.2,0.5,0.32,7,14.5,0.481,3.5,4.3,0.824,2.4,5.6,8,2.2,0.8,0.7,1.9,2.7,18
78,30,1,1906,3.7,9.1,0.408,1.7,4.6,0.359,2.1,4.5,0.458,1.4,1.9,0.752,0.4,2.8,3.2,5.9,1.3,0.1,2,2.8,10.5
67,60,4,1909,4.2,10,0.42,1.2,3.6,0.342,2.9,6.3,0.464,1.1,1.5,0.731,0.9,5.3,6.2,2.4,1.5,0.3,1.2,1.7,10.7
80,16,4,1913,4.7,10.3,0.454,0,0,0,4.7,10.3,0.455,2.7,4.3,0.613,2.7,5.5,8.2,1.7,0.8,2.6,2.3,4.1,12
76,73,5,1915,3.9,6.3,0.626,0,0,0,3.9,6.3,0.626,2.2,3.6,0.623,4.1,6.6,10.6,0.8,0.5,1.5,2,4.5,10.1
71,19,3,1919,3.5,8.1,0.431,1.8,4.9,0.375,1.7,3.2,0.514,1.5,1.8,0.827,1.2,5.5,6.7,1.8,1.3,0.4,1,3.6,10.3
81,6,2,1926,5.6,13.1,0.425,1.5,4.2,0.35,4.1,8.9,0.461,1.9,2.2,0.871,0.5,2.4,3,2.3,1.4,0.2,1.9,3.3,14.5
82,45,1,1929,2.5,6,0.417,0,0.1,0,2.5,6,0.422,1.3,2.1,0.637,0.7,2.9,3.5,6.2,1,0.3,2.1,3.5,6.4
51,50,2,1931,8.8,17.9,0.491,0.4,1.5,0.266,8.4,16.5,0.511,8.1,10,0.807,1,3.5,4.5,7.2,2,1.2,4,2.2,26
81,6,5,1932,3.6,7.5,0.476,0,0.2,0,3.6,7.3,0.487,3.1,5,0.616,3.6,6.6,10.2,1.4,1.4,1,1.2,5,10.2
72,38,3,1937,5.3,10.9,0.488,1.7,4.5,0.388,3.6,6.4,0.558,2.5,3.9,0.648,1.5,4.6,6.1,1.2,0.9,1,2,4.1,14.9
55,53,3,1956,5.6,12.2,0.456,1,2.7,0.359,4.6,9.6,0.483,4.4,6,0.733,0.9,3.5,4.4,2.7,0.6,0.1,2.2,2.3,16.5
77,2,3,1965,5.9,12,0.491,0.2,0.7,0.333,5.7,11.3,0.501,4.3,5.7,0.767,2.1,4.3,6.5,1.8,1,0.2,2.2,4.3,16.4
60,60,3,1982,4.8,10.1,0.474,0.9,2.3,0.387,3.9,7.9,0.499,2,2.6,0.745,1.6,3.9,5.5,4.7,1.1,0.4,2.1,2.1,12.4
65,64,2,2009,6.1,11.8,0.518,0,0.2,0.167,6.1,11.6,0.525,4.4,5.8,0.765,0.9,3.3,4.2,2.5,1.1,0.4,2.6,2.6,16.7
80,45,5,2015,5.5,11.7,0.474,0.1,0.4,0.15,5.5,11.3,0.484,3,4.2,0.726,2.2,4.9,7.1,1.9,0.9,0.7,2.1,4.3,14.2
57,55,2,2015,6.2,13.7,0.456,1,2.6,0.377,5.3,11.1,0.475,3.6,4.3,0.838,1,3.4,4.5,4.1,1.2,0.2,2.1,2.5,17.1
55,13,2,2024,4.6,9.2,0.504,0.5,1.4,0.338,4.2,7.8,0.533,3,3.7,0.795,2.2,3.9,6,2.3,1,0.6,1.4,2.1,12.7
72,47,5,2026,5.2,10.9,0.474,0,0,0,5.2,10.9,0.475,5.2,6.6,0.786,3.5,5.3,8.9,1.9,1.4,0.6,2.9,4.7,15.5
66,23,1,2031,5.7,13.6,0.42,1.7,4.2,0.397,4,9.4,0.43,3.9,4.3,0.898,0.9,1.6,2.5,5.2,1,0,2.1,1.6,17
53,53,3,2036,8.4,18.1,0.465,2.1,5.4,0.382,6.4,12.7,0.501,6.1,7.4,0.829,0.7,2.7,3.5,2.2,1.1,0.2,2.2,1.4,25
82,31,3,2037,4.6,10.6,0.435,0.9,2.2,0.41,3.7,8.5,0.442,2.7,3,0.882,1.5,2.5,4,2.8,1.6,0.3,2.1,2.8,12.8
70,70,3,2049,3.5,7.3,0.471,0.3,1.3,0.213,3.2,6,0.528,3.1,4.2,0.728,1.5,4.2,5.8,3.5,1.3,2.5,2.4,3,10.3
76,24,4,2054,5.2,12.7,0.414,2.4,6.2,0.382,2.9,6.4,0.444,1.8,2.5,0.708,1.1,5.5,6.6,3,1,0.5,1.9,4,14.7
75,36,2,2060,6.9,14.9,0.464,2.2,5.6,0.396,4.7,9.3,0.505,5.6,6.5,0.86,1,4.7,5.7,4.6,1.9,0.5,2.7,2.7,21.7
75,23,1,2064,5.4,12.5,0.434,2,5.3,0.379,3.4,7.1,0.474,4.4,5.4,0.81,0.3,2.1,2.4,6,0.9,0.1,2.2,2.4,17.2
82,65,1,2069,5.2,12.2,0.422,1.4,3.7,0.372,3.8,8.5,0.445,2.7,3.2,0.837,0.4,2.4,2.8,5.2,1,0.1,2.2,3,14.4
80,61,1,2081,5.1,10.3,0.492,0.2,0.9,0.28,4.8,9.4,0.512,3.7,4.5,0.824,0.8,2.6,3.4,5.1,1.7,0.4,2.5,4.2,14.1
79,55,5,2082,5.3,8.7,0.609,0,0,0,5.3,8.7,0.61,2.8,4.1,0.681,2.5,4.5,7,1.3,0.8,1,2,4.5,13.4
71,58,1,2091,5.2,12,0.433,0.8,2.4,0.353,4.3,9.6,0.453,2.2,2.7,0.805,0.5,2.3,2.8,6.3,1.4,0.3,2.7,3.1,13.4
78,43,3,2103,5.5,13,0.422,0.9,2.4,0.364,4.6,10.6,0.436,2.6,3.6,0.727,1.6,4.4,6,1.7,1.2,1.3,2.4,3.3,14.5
50,49,2,2121,7.3,16.1,0.454,0.8,2.4,0.347,6.4,13.6,0.473,5.6,7.4,0.759,0.3,2.3,2.6,6.1,1.5,0.2,3.4,1.3,21.1
80,38,4,2123,5.2,11.3,0.465,0,0,0,5.2,11.3,0.465,2.6,3.2,0.824,2.3,5.6,8,2.2,0.5,0.1,1.9,3.5,13.1
78,78,5,2130,6.5,13.4,0.485,0,0,0,6.5,13.4,0.486,2.6,3.2,0.807,4.1,6,10.1,2.1,0.8,1.7,2.4,4.3,15.6
59,59,5,2133,7.8,14.5,0.538,0.1,0.2,0.273,7.7,14.3,0.542,5,6.8,0.748,2.5,7.3,9.8,3.4,0.5,2.1,2.7,2.3,20.7
79,19,2,2135,4,8.7,0.456,0.7,1.9,0.357,3.3,6.8,0.484,2.7,3.4,0.779,0.8,3.7,4.5,4.3,1.2,0.5,2,3,11.3
57,56,1,2144,5.2,11.1,0.464,0,0.3,0.053,5.1,10.8,0.477,2.7,3.3,0.808,1.2,3,4.2,7,1.2,0.1,2.6,2.1,13
75,75,3,2144,4,8.6,0.461,1.5,3.7,0.406,2.5,5,0.502,1.1,1.5,0.742,1.6,3.1,4.7,1.9,1.2,0.3,1.2,3.5,10.6
82,43,4,2152,6.2,11.9,0.524,0,0.1,0,6.2,11.8,0.53,5,6.5,0.771,2.2,4.9,7,1.3,0.7,0.5,2.7,3.9,17.5
77,25,1,2152,4.4,11.5,0.383,1.5,4.7,0.329,2.9,6.8,0.42,1.8,2.5,0.735,0.6,2.5,3.1,7.3,1.7,0.4,2.8,2.5,12.1
75,66,5,2176,4.9,10.8,0.451,0,0,0,4.9,10.8,0.452,2.7,3.7,0.741,2.6,7.1,9.7,1.3,0.7,1.9,2.4,4.2,12.5
64,63,4,2179,5.1,11.7,0.433,0.2,0.7,0.244,4.9,10.9,0.446,3.6,4.4,0.815,1.4,4.2,5.6,2,0.9,0.5,2.1,3.2,13.9
59,36,2,2198,5.8,14.5,0.4,1.7,5.3,0.32,4.1,9.2,0.445,3.7,4.5,0.838,0.7,2.4,3.1,4.2,0.9,0.1,2.7,1.9,17
56,56,4,2202,5.2,11.1,0.468,0.9,3,0.297,4.3,8.2,0.531,3.2,4.6,0.7,1.7,7.3,8.9,4.4,0.9,0.5,2.7,3,14.6
80,10,2,2211,5,11.4,0.437,2.9,6.5,0.441,2.1,4.9,0.431,1.4,1.7,0.79,0.5,3.6,4.1,3.2,1.2,0.1,2.2,2.2,14.2
55,55,2,2219,8.2,18.7,0.438,2.7,7.2,0.372,5.5,11.5,0.479,4.5,5,0.903,0.9,3.1,4,3.7,1.3,0.2,2.5,1.8,23.6
69,47,2,2219,5,11.6,0.427,1.1,2.9,0.365,3.9,8.7,0.447,2.7,3.2,0.853,0.5,2.9,3.4,4.9,1.2,0.6,2.3,2.5,13.7
63,62,1,2221,7.3,16.7,0.439,1.4,4.5,0.304,5.9,12.2,0.489,4.5,6,0.745,0.8,3.6,4.5,8.3,2.2,0.5,3.1,2.9,20.5
81,38,3,2223,5.1,12.8,0.398,2.2,5.9,0.369,2.9,6.9,0.424,0.9,1.4,0.644,0.7,3.5,4.1,1,0.6,0.9,1.1,2.4,13.2
76,68,2,2223,3.5,7.2,0.49,0.1,0.4,0.24,3.4,6.8,0.505,1.2,1.5,0.783,1.3,2.6,3.9,3.3,0.4,0.4,1.3,2.3,8.3
82,42,1,2225,3.4,8.2,0.411,1.1,3.4,0.322,2.3,4.9,0.472,0.7,1,0.672,0.3,2.4,2.7,6.6,1,0.1,2.1,2,8.5
80,80,4,2238,6,12.6,0.473,0,0.1,0.167,6,12.5,0.476,2.3,3.2,0.714,4.2,6.7,11,1.4,1.1,0.5,1.8,3.4,14.2
75,71,1,2243,6.3,14.5,0.436,0.3,1.1,0.304,6,13.4,0.447,3.9,4.7,0.819,0.9,2.9,3.8,9.5,1.6,0.1,3.7,3,16.8
72,72,1,2243,5.6,14.3,0.389,1,3.1,0.316,4.6,11.2,0.409,2.8,3.8,0.72,1,2.9,3.9,7.9,1.9,0.4,3.2,3,14.8
66,66,5,2258,5.5,10,0.553,0,0.1,0.2,5.5,9.9,0.556,1.8,3.1,0.577,2.7,6.6,9.3,3.2,0.8,0.6,2.4,3.4,12.9
73,59,4,2268,4.9,9,0.538,0.2,0.7,0.333,4.6,8.3,0.555,1.3,1.9,0.683,1.4,3.6,5,5.6,0.4,0.6,2.4,2.8,11.3
73,73,3,2268,5.5,13.1,0.419,1.7,4.5,0.388,3.7,8.6,0.435,2.7,3.5,0.781,0.9,3.7,4.7,3.7,1.1,0.3,2.3,3.5,15.4
73,60,4,2275,5.3,11.4,0.467,0.3,0.7,0.381,5.1,10.8,0.473,3,3.7,0.811,2,4.5,6.4,1.9,0.8,0.2,1.7,2.7,13.9
82,61,2,2287,4.1,10.6,0.382,0.8,2.5,0.308,3.3,8.2,0.405,4.1,4.8,0.853,0.5,1.9,2.3,4.3,1.3,0.1,1.9,3.7,13
74,1,3,2288,5.9,13.3,0.44,2.1,4.8,0.43,3.8,8.5,0.446,3,3.3,0.914,0.5,3.6,4.1,1.7,0.9,0.3,1.8,3,16.8
75,31,3,2291,5.8,12.7,0.454,0.2,1,0.2,5.6,11.7,0.476,8.2,9.9,0.82,1.4,5.5,6.9,3.3,1,0.2,3.2,3.8,19.9
69,60,5,2319,7,13.7,0.514,0,0,0,7,13.7,0.514,3.1,4.6,0.681,3.7,8.1,11.7,1.4,0.7,1.6,2.1,3.6,17.2
78,23,4,2326,5.5,14.6,0.376,1.3,4,0.337,4.1,10.6,0.391,1.9,2.6,0.71,0.8,2.7,3.6,2.5,0.4,0.1,2,2.8,14.2
67,65,5,2329,6.1,11.4,0.532,0,0,0,6.1,11.4,0.532,2.7,4.6,0.593,4,7.7,11.7,1.2,0.9,2.7,1.7,3.2,14.9
77,77,1,2331,5.8,13.5,0.43,1,3,0.335,4.8,10.5,0.457,2.8,3.4,0.828,0.8,2.9,3.6,5.1,1.1,0.1,2.8,3.5,15.4
60,60,3,2348,7.1,15.4,0.461,2.3,5.9,0.39,4.8,9.5,0.505,4.1,4.8,0.841,1.4,4.7,6.1,2.2,1,0.6,1.8,2.2,20.6
64,64,1,2353,5.8,13.3,0.437,0.8,2.2,0.35,5.1,11.1,0.455,4.5,5.5,0.818,0.8,3.5,4.3,8.7,1.8,0,2.5,2.4,16.9
57,57,2,2359,8.2,17.4,0.471,1.8,4.8,0.381,6.4,12.6,0.504,3.6,4.8,0.748,0.8,2.8,3.6,3.8,0.9,0.2,2.7,1.8,21.8
70,70,5,2369,4.7,10,0.473,0,0,0,4.7,10,0.475,2.4,3.4,0.729,2.5,9.9,12.4,3.4,1.3,3.5,1.9,2.8,11.9
82,56,5,2378,4.8,9.6,0.5,0,0,0,4.8,9.6,0.502,2.3,3,0.774,3.5,6.6,10.1,1.2,0.7,1,1.9,4.4,12
82,63,5,2382,5.3,8.8,0.599,0,0,0,5.3,8.8,0.599,1.3,2.5,0.521,3.8,7.7,11.5,1.3,1,2.1,1.8,4.6,11.8
82,82,2,2419,5.2,11.2,0.461,1.1,2.7,0.404,4.1,8.5,0.479,2.3,3.2,0.704,0.8,2.4,3.2,3.2,1,0.3,1.8,2.3,13.7
75,72,5,2419,5.3,12.5,0.423,1.5,4.4,0.351,3.8,8.1,0.463,1.6,2,0.788,1.3,6.7,8.1,1.9,1.1,1.8,1.4,3.3,13.8
68,67,4,2425,8.9,19.1,0.467,0.2,0.7,0.292,8.7,18.4,0.473,5.8,7.1,0.819,3,7.3,10.2,2.2,0.8,0.2,3.2,2.7,23.9
73,73,2,2437,4.8,10.1,0.477,1.7,3.9,0.441,3.1,6.3,0.5,1.9,2.3,0.835,0.9,3.3,4.2,2.3,1.1,0.2,1,2,13.3
70,69,3,2455,7.2,15.8,0.459,1.3,3.5,0.385,5.9,12.3,0.48,3.6,4.3,0.827,1.9,5.1,7,1.9,1.2,0.8,1.8,2.6,19.4
82,80,1,2457,5,11.5,0.436,1.6,4.4,0.365,3.4,7.1,0.479,1.7,2.6,0.646,0.7,2.4,3,3.3,1.7,0.1,2.2,3.1,13.3
69,69,5,2459,7.3,16.7,0.436,0,0.1,0,7.3,16.6,0.439,5,6.5,0.767,2.2,7.4,9.7,2.4,0.7,2.7,3,3.4,19.6
82,82,3,2464,2.8,6.8,0.405,1.3,3.4,0.384,1.5,3.4,0.426,0.6,1.1,0.589,0.3,2.9,3.3,1.7,0.9,0.4,0.9,2.6,7.5
68,68,1,2472,6.8,15.3,0.446,1.2,3.3,0.346,5.7,12,0.474,2.3,2.7,0.855,0.8,4,4.8,6.1,1.2,0.1,3,2.9,17.1
63,63,3,2474,6.6,14.2,0.463,0.3,1,0.25,6.3,13.1,0.48,4.1,4.8,0.863,2.1,4.7,6.8,3.4,1.9,0.2,2.6,2.7,17.5
75,69,2,2479,5.9,13.7,0.433,1.5,4.5,0.322,4.5,9.2,0.488,3.5,4.3,0.813,0.9,2.3,3.2,4.2,1.2,0.5,2.7,2.9,16.9
79,79,4,2483,5.1,10.4,0.492,0,0.1,0,5.1,10.3,0.495,2,2.9,0.68,2.7,6.8,9.5,1.4,0.7,0.4,1.6,3.4,12.2
65,65,3,2486,10,21,0.476,0.6,2.2,0.268,9.4,18.9,0.499,6.6,8.2,0.808,2.1,3.6,5.7,3.6,1.1,0.3,3.4,2.9,27.2
77,77,1,2499,8.2,15.8,0.52,0.2,0.5,0.395,8,15.2,0.525,3.9,5,0.783,0.5,3.1,3.6,6.1,1.2,0.1,2.8,2,20.6
81,53,3,2508,6.8,12.4,0.548,0,0.3,0.158,6.8,12.2,0.557,3.5,5.4,0.641,2.7,3.6,6.3,3.3,1.6,0.4,2.9,3.3,17.1
73,73,5,2525,4.2,6.7,0.624,0,0,0,4.2,6.7,0.625,1.5,2.9,0.527,4.6,8.3,12.9,0.9,0.5,1.8,1.8,3.5,9.8
70,70,1,2533,4.9,11.6,0.427,1.5,4.5,0.345,3.4,7.1,0.479,5.5,6.2,0.883,0.3,3,3.4,7.1,1.2,0.2,2,2.3,16.9
82,82,5,2535,5.1,9.3,0.541,0,0,0,5.1,9.3,0.543,2.4,3.2,0.746,3.4,7,10.4,0.9,0.7,2.3,2.3,4.1,12.5
71,71,2,2539,9,21,0.431,1.8,5.4,0.331,7.3,15.6,0.466,4.9,6.9,0.707,0.8,4.6,5.4,6.5,1.3,0.5,3,1.9,24.8
82,81,5,2544,6,11.9,0.509,0.1,0.4,0.29,5.9,11.4,0.517,2.1,2.8,0.754,1.9,5.2,7.1,0.9,0.6,0.8,2.3,3.4,14.3
74,74,4,2557,9.1,16.2,0.561,0,0,0,9.1,16.2,0.561,3.6,5.2,0.685,3.3,8.9,12.2,3.1,1,0.3,2.7,3.1,21.8
78,78,4,2563,7,15.2,0.457,1.8,4.1,0.433,5.2,11.1,0.466,2.4,3.4,0.694,2.1,4.8,7,2.1,0.9,0.3,2.4,3.8,18
75,75,3,2575,5.7,12.6,0.452,0,0,0,5.7,12.6,0.452,3,4.5,0.663,1.7,3.1,4.8,1.6,0.7,0.3,2.7,2.4,14.4
82,49,2,2580,5.4,11.9,0.452,1,3.1,0.313,4.4,8.7,0.502,2.9,3.8,0.784,1.2,4.8,6,3.2,1.2,0.3,2.1,2.8,14.6
82,81,4,2586,6,11.4,0.529,0,0.1,0,6,11.3,0.533,3.3,4.9,0.684,2.5,6.3,8.8,1.1,1,0.5,1.8,3.5,15.4
70,68,2,2596,5.3,13.2,0.4,1,3.1,0.333,4.3,10.1,0.42,2.9,4.3,0.676,0.6,3.1,3.7,3.6,1.2,0.4,2.1,2.3,14.5
80,18,2,2613,7.3,15.3,0.476,2.6,6,0.434,4.7,9.3,0.504,2.7,3.2,0.845,0.3,2.6,2.9,4.4,1.3,0.2,2,2.9,19.9
77,53,2,2638,6.6,13.8,0.475,0.5,2,0.273,6,11.8,0.509,3.7,4.9,0.763,0.8,2.5,3.3,4.4,1.8,0.3,3,2.9,17.4
72,71,3,2640,6.5,13,0.502,0.5,1.6,0.325,6,11.3,0.528,4.2,6.1,0.691,1.9,5.1,7.1,2.5,2,0.9,2.2,2.8,17.8
70,65,3,2641,6.2,14.2,0.44,1.3,3.5,0.358,5,10.6,0.468,4.2,5.7,0.74,1.4,4.8,6.2,3.2,2,0.6,2,2.8,17.9
72,72,3,2647,5.9,13.5,0.439,0.5,2.1,0.25,5.4,11.4,0.473,3.6,5.3,0.693,2.2,6.2,8.4,3.2,1.4,2.8,3.1,3.3,16
79,79,1,2651,4.3,9.6,0.454,0.9,2.4,0.35,3.5,7.1,0.49,3.3,3.8,0.871,0.2,2.6,2.8,5.7,1.2,0.1,2.5,2.7,12.8
69,69,5,2658,7.4,14.8,0.496,0.2,0.5,0.343,7.2,14.3,0.501,6.3,8,0.785,2.5,7.5,10,2.4,0.5,1.2,2.4,2.2,21.1
70,70,4,2662,6.9,15.4,0.45,1.9,5.1,0.364,5.1,10.3,0.492,3.1,4.2,0.736,1.8,5.8,7.6,1.8,1.1,0.5,1.4,2.6,18.8
80,80,5,2664,6.6,14.3,0.462,1.7,4.5,0.384,4.9,9.8,0.498,4,5.2,0.765,2.2,5.7,7.8,2.1,0.5,0.5,1.7,3.5,19
76,76,1,2682,6.9,13,0.532,2.1,4.6,0.455,4.8,8.4,0.575,3,3.3,0.899,0.4,3.2,3.6,11.9,0.8,0.1,3.9,1.6,19
82,78,5,2689,8.1,14.1,0.575,0,0,0,8.1,14.1,0.577,6.1,7.8,0.781,3,7.6,10.5,1.1,1,1.5,3.1,3.9,22.4
77,77,5,2697,2.6,5.7,0.453,0,0.1,0.2,2.5,5.6,0.456,1.5,3.6,0.408,4,6.9,11,2.5,1.5,2.1,1.3,2,6.6
82,51,2,2704,8.1,17.8,0.455,2.1,5,0.413,6,12.8,0.471,5.1,5.9,0.864,0.5,3,3.4,3.9,0.9,0.2,3.3,3.4,23.3
80,80,5,2726,8.2,14.9,0.546,0,0.1,0.111,8.1,14.8,0.55,4.8,7.5,0.637,2.8,8.4,11.2,3.6,0.9,2.5,3,2.7,21.1
70,69,2,2740,6.1,13.3,0.46,2.7,6.5,0.406,3.5,6.7,0.514,2.1,2.7,0.793,0.7,4.3,5,3.9,0.7,0.2,2.4,1.8,17
74,74,1,2748,5.2,12.5,0.415,1.6,4.5,0.357,3.6,8,0.448,3.9,5.1,0.769,0.5,2.3,2.8,5.3,0.9,0.1,2.3,2.4,15.9
75,75,2,2763,7.1,15.2,0.468,0.6,1.7,0.341,6.6,13.6,0.483,4.5,5.3,0.861,1,2.7,3.7,3.7,0.8,0.2,2.1,3,19.3
82,82,1,2784,6.1,15.1,0.404,2.2,6.2,0.36,3.9,8.9,0.435,3.7,4.5,0.83,0.5,2.9,3.4,5,1.1,0.1,2.5,1.8,18.1
82,57,3,2785,5.1,11.2,0.459,1.4,3.7,0.382,3.7,7.5,0.497,3.1,3.8,0.803,1.5,3.5,4.9,1.5,0.9,0.8,1.7,3.2,14.8
80,80,2,2818,6.5,13.6,0.473,1.6,4.3,0.381,4.8,9.4,0.515,6.1,7.3,0.844,0.9,3.5,4.4,2.2,1.3,0.1,1.7,2.3,20.7
78,78,4,2820,8.6,17.1,0.502,0.9,2.2,0.416,7.7,14.9,0.515,6.4,7,0.904,1.6,7.3,8.8,3.4,0.7,0.8,2.1,2.2,24.5
78,75,1,2832,5,13,0.384,1.3,4,0.33,3.7,9.1,0.407,2.6,3.3,0.797,0.6,2.7,3.4,6.9,1.5,0.1,2.9,2.3,13.9
80,80,1,2839,6,13.5,0.448,1.8,4.3,0.415,4.2,9.2,0.463,3,3.6,0.835,0.4,3.1,3.5,6.3,1.3,0.3,2.4,3.5,16.8
78,73,2,2841,4.9,11.2,0.44,1.3,3.1,0.411,3.6,8.1,0.451,2.5,3,0.837,0.7,2.7,3.4,2.5,1.2,0.3,1.8,2.4,13.6
81,80,2,2846,6.5,13.4,0.484,2,4.7,0.438,4.5,8.8,0.508,2,2.5,0.804,0.5,2.4,2.9,5.3,1,0.2,1.9,2.2,17.1
82,64,2,2848,5.4,12.3,0.437,1.6,4.6,0.352,3.8,7.7,0.488,1.7,2.1,0.78,0.7,2.3,3,3.1,1.2,0.1,1.3,2.7,14
81,81,5,2849,7.4,12.8,0.576,0,0,1,7.4,12.8,0.575,5.1,8.3,0.615,2.5,4.8,7.2,0.9,0.4,0.5,3.7,3.3,19.9
78,78,2,2917,5.1,11.7,0.432,2.5,6.1,0.413,2.5,5.6,0.452,1.5,1.9,0.776,0.6,2.5,3.1,2.4,0.6,0.3,1,2.9,14.1
80,80,1,2933,4.5,11.1,0.406,1.5,4.4,0.343,3,6.7,0.448,2.2,2.8,0.778,1.7,6.4,8,9,1.6,0.3,2.6,1.8,12.8
74,73,1,2942,7.9,18.9,0.418,2.5,7.1,0.351,5.4,11.8,0.459,7.4,8.8,0.844,0.7,3.4,4.1,5.4,1.7,0.2,2.9,3,25.8
80,80,1,2950,6,13.2,0.456,1,3.1,0.322,5,10.1,0.498,2.8,3.6,0.767,0.5,2.8,3.3,9.1,1,0.2,3,3.1,15.8
80,79,1,2966,5.1,11,0.466,0.1,0.4,0.143,5.1,10.6,0.479,2.7,3.4,0.784,1.2,3.1,4.3,7.6,1.3,0.1,2.7,2.2,13
82,82,3,2988,3.5,7.9,0.446,1.9,4.5,0.421,1.6,3.4,0.48,1.1,1.4,0.779,0.8,3.3,4.1,2.1,1,0.7,0.9,2.3,10
76,76,4,2995,7.7,16.1,0.476,0.1,0.7,0.214,7.5,15.4,0.487,5,6,0.835,2.2,9.5,11.7,3.8,1.1,1.5,2.5,2.2,20.5
82,82,3,3001,5.5,12,0.46,1,2.5,0.386,4.5,9.4,0.48,2.1,2.7,0.768,1.7,3.4,5.1,2.7,0.6,0.7,1.2,1.4,14
80,80,3,3010,6.7,12.8,0.524,1,3,0.317,5.8,9.8,0.587,2.4,3,0.81,2.1,7.3,9.4,1.6,1.9,1.5,1.4,2.6,16.8
81,81,3,3021,6,13,0.465,1.5,3.7,0.397,4.6,9.3,0.492,2.8,3.4,0.839,0.6,3.1,3.8,4.6,1,0.3,2.5,2.3,16.4
82,82,5,3023,6.3,10.4,0.603,0,0,0.5,6.3,10.4,0.603,4.6,7.9,0.586,3.4,8.6,12,1.9,0.8,1.9,3.8,2.9,17.2
82,82,1,3040,4.5,12.1,0.375,2.3,6.3,0.363,2.3,5.8,0.389,1.5,2.1,0.734,0.3,3,3.3,5.3,1.5,0.1,2,2.3,12.9
76,76,2,3062,5.2,11.7,0.447,0.6,1.8,0.31,4.6,9.8,0.472,5.3,6.5,0.82,0.9,4.2,5.1,5.1,1.8,0.4,3.1,2.4,16.3
82,82,3,3071,7.4,14.3,0.517,0,0.1,0.143,7.4,14.2,0.519,3.3,4.2,0.777,1.7,5.1,6.8,2.4,1.1,0.6,1.8,2,18.1
80,80,4,3077,7.5,14.2,0.533,0,0,1,7.5,14.2,0.532,4.1,5.4,0.761,3.1,5.6,8.7,2.7,0.9,2.1,2.4,2.8,19.2
82,82,2,3126,8.4,18.4,0.454,1.8,5,0.357,6.6,13.4,0.491,5.3,6.6,0.802,1.3,4.4,5.7,4.5,0.9,0.3,2.5,3.1,23.8
77,77,2,3140,9.3,20.1,0.463,1.6,4.6,0.344,7.8,15.6,0.497,7.6,8.8,0.868,0.9,4.2,5,4.7,1.3,0.4,2.9,2.4,27.9
78,78,3,3190,8.7,18.3,0.476,1.1,3.5,0.319,7.6,14.8,0.513,5.5,7.9,0.698,0.9,5,5.9,5.3,1.4,0.6,2.8,1.9,24.1
